,public_transport,driving,walking,cycling
Ang Mo Kio,10.498849747776719,15.657752124359753,2.151090034783624,6.871618550208853
Bedok,9.860286213097616,20.514219673941717,2.237445917842529,6.3474494333172435
Bishan,6.359959237843322,18.033657522604994,2.0700174440036845,6.708787264151786
